fila_anonima,provincia,RN,estado
1,ORELLANA,0.369217011181507,completo
2,ORELLANA,0.946893084723761,completo
3,ORELLANA,1.04441293046011,completo
4,ORELLANA,1.02339404076903,completo
5,ORELLANA,0.917379684223805,completo
6,ORELLANA,0.918771892058897,completo
7,ORELLANA,0.967835989187593,completo
8,ORELLANA,0.305033026051278,completo
9,ORELLANA,0.51226863890426,completo
10,ORELLANA,0.806253425847919,completo
11,ORELLANA,0.400812401646743,completo
12,ORELLANA,0.541274231342264,completo
13,ORELLANA,0.32561915840301,completo
14,ORELLANA,0.569364914107236,completo
15,ORELLANA,0.892487949904194,completo
16,ORELLANA,0.736491928695927,completo
17,ORELLANA,0.975142575100716,completo
18,ORELLANA,0.833523888703288,completo
19,ORELLANA,0.942487532583559,completo
20,ORELLANA,0.514620153620914,completo
21,ORELLANA,0.678112944754414,completo
22,ORELLANA,0.452025040483108,completo
23,ORELLANA,0.600490680058471,completo
24,ORELLANA,0.550897417182955,completo
25,ORELLANA,0.426670508950363,completo
26,ORELLANA,0.538385949074288,completo
27,ORELLANA,0.678268900134363,completo
28,ORELLANA,0.950389148492566,completo
29,ORELLANA,1.00871481881627,completo
30,ORELLANA,1.10524492010853,completo
31,ORELLANA,0.636273581123561,completo
32,ORELLANA,0.67394254438525,completo
33,ORELLANA,1.03769606139567,completo
34,ORELLANA,0.977474175847234,completo
35,ORELLANA,0.943312995178231,completo
36,ORELLANA,0.579567186482324,completo
37,IMBABURA,0.632706236577658,completo
38,IMBABURA,0.603964229950053,completo
39,IMBABURA,0.618352585667972,completo
40,IMBABURA,0.56086768184921,completo
41,ORELLANA,0.906263490140113,completo
42,IMBABURA,0.782718665985347,completo
43,IMBABURA,0.781867658235717,completo
44,IMBABURA,0.848271095389825,completo
45,CAÑAR,0.983366244931686,completo
46,CAÑAR,0.89971777203068,completo
47,CAÑAR,0.708684505585821,completo
48,CAÑAR,0.929111458828229,completo
49,CAÑAR,0.817000539383754,completo
50,CAÑAR,0.978985833242854,completo
51,CAÑAR,0.658003513340403,completo
52,CAÑAR,0.585015784882611,completo
53,CAÑAR,0.620679585019336,completo
54,SUCUMBÍOS,0.804607162733655,completo
55,SUCUMBÍOS,1.09877996564372,completo
56,SUCUMBÍOS,0.951442851566371,completo
57,CAÑAR,0.716296028430497,completo
58,CAÑAR,0.742669074477983,completo
59,CAÑAR,0.881053727998936,completo
60,SUCUMBÍOS,0.924464882205905,completo
61,SUCUMBÍOS,0.543744355532685,completo
62,CAÑAR,0.606902028120799,completo
63,CAÑAR,0.539216066311281,completo
64,CAÑAR,0.630661045111776,completo
65,CAÑAR,0.656021389843372,completo
66,CAÑAR,0.589225773358643,completo
67,CAÑAR,0.662763281598704,completo
68,CAÑAR,0.625131586983946,completo
69,SUCUMBÍOS,0.351043332892417,completo
70,SUCUMBÍOS,0.873153171893046,completo
71,CAÑAR,0.664214105363015,completo
72,CAÑAR,0.564417899076283,completo
73,CAÑAR,0.728303700749624,completo
74,SUCUMBÍOS,0.800285661967039,completo
75,SUCUMBÍOS,0.672083488508246,completo
76,SUCUMBÍOS,0.942603088163777,completo
77,SUCUMBÍOS,0.391146934032852,completo
78,SUCUMBÍOS,0.906958909788228,completo
79,SUCUMBÍOS,0.763371486416743,completo
80,SUCUMBÍOS,0.671437654260024,completo
81,SUCUMBÍOS,0.831848889776004,completo
82,SUCUMBÍOS,0.780499615365435,completo
83,SUCUMBÍOS,0.499977508824252,completo
84,SUCUMBÍOS,0.523981417784991,completo
85,SUCUMBÍOS,0.826234938791603,completo
86,MANABÍ,0.467836257309941,completo
87,SUCUMBÍOS,0.851120647264425,completo
88,MANABÍ,0.48421052631579,completo
89,MANABÍ,1.0207336523126,completo
90,MANABÍ,0.921821296107626,completo
91,SUCUMBÍOS,0.810311920232716,completo
92,SUCUMBÍOS,0.536025079343698,completo
93,SUCUMBÍOS,0.705316831034469,completo
94,NAPO,0.492875300335815,completo
95,SUCUMBÍOS,0.532266310637182,completo
96,SUCUMBÍOS,0.458877834922566,completo
97,SUCUMBÍOS,0.460581201334817,completo
98,MANABÍ,0.417051543335077,completo
99,MANABÍ,0.591013273788747,completo
100,SUCUMBÍOS,0.810789522836027,completo
101,SANTO DOMINGO DE LOS TSÁCHILAS,0.916801857286255,completo
102,SANTO DOMINGO DE LOS TSÁCHILAS,0.824853117488456,completo
103,NAPO,0.565856501620472,completo
104,SUCUMBÍOS,0.869158545885105,completo
105,SANTO DOMINGO DE LOS TSÁCHILAS,0.850455222768439,completo
106,SUCUMBÍOS,0.921462285282892,completo
107,SUCUMBÍOS,0.867172661088533,completo
108,SUCUMBÍOS,0.973357019205822,completo
109,SUCUMBÍOS,0.933377248204535,completo
110,SUCUMBÍOS,0.947268009504054,completo
111,SANTO DOMINGO DE LOS TSÁCHILAS,0.84726055189386,completo
112,SANTO DOMINGO DE LOS TSÁCHILAS,0.698885616837472,completo
113,SANTO DOMINGO DE LOS TSÁCHILAS,0.951054097308345,completo
114,NAPO,0.508658958297212,completo
115,SUCUMBÍOS,0.354204293934597,completo
116,SUCUMBÍOS,0.935629855106566,completo
117,SUCUMBÍOS,0.345002675064492,completo
118,PICHINCHA,0.796297009354654,completo
119,PICHINCHA,0.53420567246546,completo
120,PICHINCHA,0.737292634925599,completo
121,PICHINCHA,0.941068114704134,completo
122,AZUAY,0.623010407745146,completo
123,AZUAY,0.729183712985017,completo
124,AZUAY,0.904194899210525,completo
125,AZUAY,0.971060667976095,completo
126,MORONA SANTIAGO,0.746257101164488,completo
127,MANABÍ,0.711341808511705,completo
128,NAPO,0.585330927308817,completo
129,MANABÍ,0.967032468394078,completo
130,NAPO,0.92263255345432,completo
131,SUCUMBÍOS,0.872837041483053,completo
132,SUCUMBÍOS,0.901837958291894,completo
133,MANABÍ,1.15778764148527,completo
134,MANABÍ,0.934349918844351,completo
135,NAPO,0.520977597095029,completo
136,MANABÍ,0.944379080464944,completo
137,MANABÍ,0.589525110869135,completo
138,MANABÍ,0.384523614173137,completo
139,CARCHI,0.717871504997168,completo
140,MANABÍ,0.816239770432565,completo
141,MANABÍ,0.880863245981061,completo
142,CARCHI,1.03587114871292,completo
143,CARCHI,0.676061329711088,completo
144,CARCHI,0.508192567848857,completo
145,CARCHI,1.03991974413466,completo
146,CARCHI,0.944432285545741,completo
147,CARCHI,1.04228707564026,completo
148,NAPO,0.609357894178478,completo
149,CARCHI,1.00000735299524,completo
150,CARCHI,0.980709709916187,completo
151,MANABÍ,1.03830797620616,completo
152,CARCHI,0.603802156556075,completo
153,CARCHI,0.599840759920616,completo
154,SANTO DOMINGO DE LOS TSÁCHILAS,0.938870604383869,completo
155,SANTO DOMINGO DE LOS TSÁCHILAS,0.977880975673023,completo
156,SANTO DOMINGO DE LOS TSÁCHILAS,0.997571847774278,completo
157,SANTO DOMINGO DE LOS TSÁCHILAS,0.85864697697803,completo
158,SANTO DOMINGO DE LOS TSÁCHILAS,1.077127731192,completo
159,SANTO DOMINGO DE LOS TSÁCHILAS,0.763066148582904,completo
160,SANTO DOMINGO DE LOS TSÁCHILAS,0.877321799741928,completo
161,NAPO,0.949582689738694,completo
162,MORONA SANTIAGO,0.672707814576741,completo
163,MORONA SANTIAGO,0.73743094863764,completo
164,AZUAY,0.929383896439405,completo
165,AZUAY,0.83862933316322,completo
166,AZUAY,0.975889303992092,completo
167,AZUAY,0.733861729389148,completo
168,AZUAY,0.980403185127788,completo
169,NAPO,0.66577963854152,completo
170,NAPO,0.632572545712617,completo
171,NAPO,0.762002164203377,completo
172,NAPO,0.948458700348346,completo
173,EL ORO,1.13523429761914,completo
174,EL ORO,0.934181366010858,completo
175,MANABÍ,0.511695906432749,completo
176,MANABÍ,0.74561403508772,completo
177,MANABÍ,0.691027517040594,completo
178,MANABÍ,0.365772403216785,completo
179,MANABÍ,0.785675902640456,completo
180,AZUAY,0.972865169922696,completo
181,AZUAY,0.931363798674099,completo
182,AZUAY,0.70720132665758,completo
183,NAPO,0.544337547450417,completo
184,EL ORO,0.980963169556656,completo
185,NAPO,0.501699236683838,completo
186,EL ORO,1.07381960461794,completo
187,EL ORO,0.699295066090446,completo
188,EL ORO,0.708625092315816,completo
189,NAPO,0.538653227823245,completo
190,NAPO,0.51298534334186,completo
191,NAPO,0.654085238294481,completo
192,MORONA SANTIAGO,0.973359915234188,completo
193,AZUAY,0.74986566610612,completo
194,CARCHI,0.557722343534242,completo
195,AZUAY,1.04426590336808,completo
196,CARCHI,0.548845322874396,completo
197,CARCHI,0.917193796936829,completo
198,MANABÍ,0.294765077621021,completo
199,AZUAY,0.649690381927362,completo
200,MANABÍ,0.379028521134774,completo
201,CARCHI,0.566872969942366,completo
202,MANABÍ,1.15813383544039,completo
203,CARCHI,0.510925026321236,completo
204,SANTO DOMINGO DE LOS TSÁCHILAS,0.396675241669743,completo
205,MANABÍ,0.731301241435276,completo
206,NAPO,0.553376573096232,completo
207,NAPO,1.01935850804619,completo
208,NAPO,0.5240906778104,completo
209,NAPO,0.686596528904953,completo
210,EL ORO,0.628182290362006,completo
211,EL ORO,0.632407972233442,completo
212,NAPO,0.506335958094258,completo
213,AZUAY,0.960036542758508,completo
214,AZUAY,0.636194006926434,completo
215,AZUAY,0.889814053171849,completo
216,NAPO,0.556929023746932,completo
217,NAPO,0.540779141066971,completo
218,NAPO,0.821769433182631,completo
219,NAPO,0.737599780779198,completo
220,NAPO,,incompleto
221,NAPO,,incompleto
222,NAPO,0.622648390453911,completo
223,NAPO,0.633066039917673,completo
224,NAPO,,incompleto
225,NAPO,0.631115907592009,completo
226,AZUAY,0.941597452708624,completo
227,AZUAY,0.957000838325257,completo
228,AZUAY,0.877428967177648,completo
229,MANABÍ,0.827979473353883,completo
230,MANABÍ,0.421910516295414,completo
231,EL ORO,0.44959561052562,completo
232,EL ORO,0.398099280123814,completo
233,EL ORO,0.656989579091565,completo
234,EL ORO,1.13849227891385,completo
235,EL ORO,0.62289188082546,completo
236,EL ORO,0.876451649798865,completo
237,AZUAY,0.980390860101156,completo
238,NAPO,0.714294367826925,completo
239,NAPO,0.761767415239794,completo
240,NAPO,0.947608961848657,completo
241,NAPO,0.529473017044916,completo
242,COTOPAXI,0.827470785564686,completo
243,COTOPAXI,0.788045225764118,completo
244,COTOPAXI,0.647467012850628,completo
245,MANABÍ,0.732675477100308,completo
246,SANTO DOMINGO DE LOS TSÁCHILAS,0.927675825986137,completo
247,SANTO DOMINGO DE LOS TSÁCHILAS,0.943606256699236,completo
248,SANTO DOMINGO DE LOS TSÁCHILAS,0.846535633724656,completo
249,MANABÍ,0.6624545303063,completo
250,EL ORO,0.609003019342976,completo
251,EL ORO,0.69181175552403,completo
252,AZUAY,0.952425821328262,completo
253,MANABÍ,0.76428020752918,completo
254,COTOPAXI,0.650457213340538,completo
255,MANABÍ,1.04051202532606,completo
256,EL ORO,0.638165095111411,completo
257,EL ORO,0.811450181557811,completo
258,EL ORO,0.740375190885025,completo
259,EL ORO,0.470492669007696,completo
260,EL ORO,,incompleto
261,EL ORO,0.888815913323512,completo
262,EL ORO,0.821782176805574,completo
263,EL ORO,0.368905992966322,completo
264,EL ORO,0.742685872305235,completo
265,EL ORO,0.829064349693485,completo
266,MANABÍ,0.996903063434083,completo
267,MORONA SANTIAGO,0.904816292271737,completo
268,MORONA SANTIAGO,1.11553782082824,completo
269,MORONA SANTIAGO,0.758382514469243,completo
270,MORONA SANTIAGO,0.88946251272571,completo
271,PICHINCHA,0.965482110128887,completo
272,PICHINCHA,0.712277358827533,completo
273,PICHINCHA,0.988572106449445,completo
274,PICHINCHA,0.364524692954776,completo
275,PICHINCHA,0.733178110362644,completo
276,PICHINCHA,0.904517035851873,completo
277,CARCHI,0.51335690497122,completo
278,CARCHI,0.605009291527776,completo
279,EL ORO,0.358543678491195,completo
280,EL ORO,0.785244997113445,completo
281,EL ORO,0.765680017795167,completo
282,PICHINCHA,0.928943199381014,completo
283,SANTO DOMINGO DE LOS TSÁCHILAS,0.498584999051852,completo
284,PICHINCHA,0.856495882146687,completo
285,PICHINCHA,0.937076018857132,completo
286,PICHINCHA,0.969580943682084,completo
287,PICHINCHA,1.00953118091471,completo
288,PICHINCHA,0.974613181400994,completo
289,PICHINCHA,0.762043005366901,completo
290,EL ORO,0.71766042576468,completo
291,MANABÍ,0.717632483074592,completo
292,EL ORO,0.581364797146651,completo
293,EL ORO,0.728076966673811,completo
294,MANABÍ,0.652413101501116,completo
295,EL ORO,1.01663334163752,completo
296,EL ORO,0.72488849901875,completo
297,EL ORO,0.57905347973061,completo
298,ZAMORA CHINCHIPE,1.06649882074369,completo
299,SANTO DOMINGO DE LOS TSÁCHILAS,0.973117033744658,completo
300,ZAMORA CHINCHIPE,0.87194474568212,completo
301,SANTO DOMINGO DE LOS TSÁCHILAS,0.894205174464683,completo
302,ZAMORA CHINCHIPE,0.878451092617848,completo
303,AZUAY,0.949933517191523,completo
304,AZUAY,0.867231873477115,completo
305,EL ORO,0.775149247400345,completo
306,AZUAY,1.00455869164461,completo
307,MANABÍ,0.295260365042931,completo
308,MANABÍ,0.567905637508121,completo
309,MANABÍ,0.442421031113829,completo
310,EL ORO,0.935410970457084,completo
311,EL ORO,0.947283133333543,completo
312,EL ORO,0.687940738389424,completo
313,EL ORO,0.672327354558534,completo
314,AZUAY,1.13165819675911,completo
315,AZUAY,0.847053494002065,completo
316,PICHINCHA,0.940776001517893,completo
317,COTOPAXI,0.777867322969608,completo
318,PICHINCHA,0.804633659011917,completo
319,PICHINCHA,0.58700675173699,completo
320,PICHINCHA,0.843753070717352,completo
321,PICHINCHA,0.971547833088858,completo
322,SANTA ELENA,0.849749853603369,completo
323,SANTO DOMINGO DE LOS TSÁCHILAS,0.73571494221475,completo
324,AZUAY,0.996706730516075,completo
325,AZUAY,0.843086479743201,completo
326,COTOPAXI,0.705243485313305,completo
327,COTOPAXI,0.74860338680649,completo
328,MANABÍ,0.647195392821483,completo
329,AZUAY,0.896959246203159,completo
330,AZUAY,0.881681961214874,completo
331,EL ORO,0.470782743338493,completo
332,AZUAY,0.873827864414149,completo
333,AZUAY,0.624527681867653,completo
334,EL ORO,0.536651221248239,completo
335,EL ORO,0.392678691350168,completo
336,ZAMORA CHINCHIPE,0.997532337062921,completo
337,ZAMORA CHINCHIPE,0.595035019011081,completo
338,EL ORO,1.10108075328209,completo
339,EL ORO,0.509711299687525,completo
340,EL ORO,0.529803718704737,completo
341,EL ORO,0.904885719281155,completo
342,EL ORO,0.856058222911201,completo
343,EL ORO,0.665264280491604,completo
344,EL ORO,0.486805033241894,completo
345,EL ORO,0.409335953353113,completo
346,ZAMORA CHINCHIPE,0.862850783773652,completo
347,EL ORO,0.708365023851754,completo
348,ZAMORA CHINCHIPE,0.961728289746788,completo
349,ZAMORA CHINCHIPE,0.925435945473262,completo
350,ZAMORA CHINCHIPE,0.989473905912198,completo
351,ZAMORA CHINCHIPE,0.870190387398887,completo
352,ZAMORA CHINCHIPE,0.952782399305046,completo
353,ZAMORA CHINCHIPE,0.937038588891,completo
354,MANABÍ,0.980407701010578,completo
355,ZAMORA CHINCHIPE,0.34011818996878,completo
356,MANABÍ,0.739766030498703,completo
357,MANABÍ,0.490317742084483,completo
358,AZUAY,1.0791242301285,completo
359,AZUAY,0.824928497555723,completo
360,AZUAY,0.814596022847919,completo
361,AZUAY,0.764739118775619,completo
362,AZUAY,1.01357430329943,completo
363,AZUAY,0.963499853558139,completo
364,AZUAY,1.00550596211618,completo
365,AZUAY,0.998782639903964,completo
366,AZUAY,0.947794397242748,completo
367,AZUAY,0.772008769643034,completo
368,AZUAY,0.788262309793235,completo
369,BOLÍVAR,0.929393481474499,completo
370,BOLÍVAR,1.03771725796592,completo
371,BOLÍVAR,1.14135729881438,completo
372,ZAMORA CHINCHIPE,1.09636451453276,completo
373,ZAMORA CHINCHIPE,,incompleto
374,PICHINCHA,0.960039712042689,completo
375,PICHINCHA,0.933821489814108,completo
376,PICHINCHA,0.961490999351138,completo
377,PICHINCHA,0.885897233617567,completo
378,PICHINCHA,0.951577547204807,completo
379,PICHINCHA,0.945209661060674,completo
380,PICHINCHA,0.834018586713884,completo
381,EL ORO,0.517556215964785,completo
382,PICHINCHA,0.743610178032347,completo
383,COTOPAXI,0.740215658482623,completo
384,PICHINCHA,0.851890208602888,completo
385,PICHINCHA,0.907020010386161,completo
386,COTOPAXI,0.621662142265996,completo
387,PICHINCHA,0.722444036972048,completo
388,ZAMORA CHINCHIPE,0.942485148319033,completo
389,ZAMORA CHINCHIPE,0.617156311471048,completo
390,ZAMORA CHINCHIPE,0.785892092381879,completo
391,MANABÍ,0.356932041162111,completo
392,MANABÍ,0.507227912066559,completo
393,MANABÍ,0.475091967412254,completo
394,MANABÍ,0.606937293261985,completo
395,MANABÍ,1.00002262982244,completo
396,PICHINCHA,1.12830796412918,completo
397,MANABÍ,0.875699690437969,completo
398,PICHINCHA,0.67579850662046,completo
399,PICHINCHA,0.691304696934959,completo
400,BOLÍVAR,0.811270366970001,completo
401,BOLÍVAR,0.58469801405619,completo
402,BOLÍVAR,1.13755594492194,completo
403,BOLÍVAR,0.728248435311711,completo
404,BOLÍVAR,0.825792050978425,completo
405,ZAMORA CHINCHIPE,0.738413003058708,completo
406,ZAMORA CHINCHIPE,0.581844541340575,completo
407,ZAMORA CHINCHIPE,0.899264248889195,completo
408,MORONA SANTIAGO,0.702739219620344,completo
409,COTOPAXI,0.604888634331588,completo
410,COTOPAXI,0.668319966500833,completo
411,MANABÍ,0.973554259754837,completo
412,MORONA SANTIAGO,0.849836412381408,completo
413,MORONA SANTIAGO,0.894362574168335,completo
414,MANABÍ,0.310970457790962,completo
415,MANABÍ,0.600833943135974,completo
416,BOLÍVAR,0.83912329794119,completo
417,BOLÍVAR,0.881439326244789,completo
418,BOLÍVAR,0.780208567047049,completo
419,BOLÍVAR,0.884292901668257,completo
420,BOLÍVAR,0.951947100834408,completo
421,BOLÍVAR,0.851828846330005,completo
422,ZAMORA CHINCHIPE,0.571405812352811,completo
423,ZAMORA CHINCHIPE,0.872545713573837,completo
424,IMBABURA,0.973518510248738,completo
425,IMBABURA,0.926477400569122,completo
426,ZAMORA CHINCHIPE,1.09004639958687,completo
427,IMBABURA,0.402573875552728,completo
428,IMBABURA,1.47246337281319,completo
429,IMBABURA,1.03117393481021,completo
430,BOLÍVAR,0.939381940257437,completo
431,BOLÍVAR,0.833826698167805,completo
432,GUAYAS,0.628640170003317,completo
433,GUAYAS,0.429221660515077,completo
434,GUAYAS,0.682384140150709,completo
435,GUAYAS,0.754251924414002,completo
436,BOLÍVAR,0.891807007793618,completo
437,BOLÍVAR,0.826824291042149,completo
438,BOLÍVAR,0.853032790063461,completo
439,BOLÍVAR,0.820457430981615,completo
440,BOLÍVAR,0.937302089930336,completo
441,BOLÍVAR,0.854409389509502,completo
442,BOLÍVAR,1.03233062983862,completo
443,GUAYAS,0.771999981974152,completo
444,GUAYAS,0.624952366360024,completo
445,GUAYAS,0.703189622959287,completo
446,GUAYAS,1.12690564925848,completo
447,MORONA SANTIAGO,0.969326043466846,completo
448,MORONA SANTIAGO,0.920915137222898,completo
449,MORONA SANTIAGO,0.938218241551011,completo
450,MORONA SANTIAGO,0.994102477056705,completo
451,MORONA SANTIAGO,1.04395087702363,completo
452,MANABÍ,0.404814222229755,completo
453,CARCHI,0.667363976462585,completo
454,BOLÍVAR,0.941655519071926,completo
455,BOLÍVAR,0.944853494663661,completo
456,MANABÍ,0.855768955665547,completo
457,BOLÍVAR,0.998570110683215,completo
458,MANABÍ,0.603238068846429,completo
459,MANABÍ,0.470385231666466,completo
460,AZUAY,0.870695394930138,completo
461,AZUAY,0.910289792966124,completo
462,ZAMORA CHINCHIPE,0.549329988196449,completo
463,ZAMORA CHINCHIPE,0.720178038299325,completo
464,ZAMORA CHINCHIPE,0.618604709858307,completo
465,ZAMORA CHINCHIPE,0.767921322971578,completo
466,ZAMORA CHINCHIPE,0.866079357901209,completo
467,BOLÍVAR,0.91617484354517,completo
468,MANABÍ,0.673455017204994,completo
469,MANABÍ,0.387422370242563,completo
470,MANABÍ,0.672259915851265,completo
471,BOLÍVAR,0.936112801167035,completo
472,MANABÍ,0.702734568095977,completo
473,MANABÍ,0.934861981081741,completo
474,GUAYAS,0.283822127085791,completo
475,GUAYAS,0.671788793801909,completo
476,GUAYAS,0.567122907267582,completo
477,GUAYAS,0.970503622058161,completo
478,BOLÍVAR,1.16888326236912,completo
479,MANABÍ,0.981793860106648,completo
480,GUAYAS,0.415866085464702,completo
481,MANABÍ,0.74029449277023,completo
482,MANABÍ,0.912641431147646,completo
483,MANABÍ,0.923672388078423,completo
484,BOLÍVAR,0.971629665857059,completo
485,BOLÍVAR,1.00997086105189,completo
486,BOLÍVAR,1.07016870866803,completo
487,MANABÍ,0.482306983384654,completo
488,MANABÍ,0.637030246447388,completo
489,MANABÍ,0.846136161817665,completo
490,MANABÍ,0.380443625527986,completo
491,MANABÍ,0.667178714301432,completo
492,GUAYAS,0.966876125504241,completo
493,GUAYAS,0.97389841575502,completo
494,CARCHI,0.529287261553056,completo
495,MORONA SANTIAGO,0.94759653331267,completo
496,BOLÍVAR,1.0203363591584,completo
497,MORONA SANTIAGO,0.712251644626714,completo
498,MORONA SANTIAGO,0.712918096327589,completo
499,MORONA SANTIAGO,0.962787228624188,completo
500,MORONA SANTIAGO,0.768381732503442,completo
501,MORONA SANTIAGO,0.75911332255551,completo
502,BOLÍVAR,0.932376328196467,completo
503,BOLÍVAR,0.949968334388853,completo
504,BOLÍVAR,0.949968334388853,completo
505,GUAYAS,0.80534526072667,completo
506,GUAYAS,0.862692009065026,completo
507,BOLÍVAR,0.938240330260598,completo
508,GUAYAS,0.820594063264954,completo
509,BOLÍVAR,0.862938977302907,completo
510,BOLÍVAR,0.858975198910994,completo
511,BOLÍVAR,0.869833510194774,completo
512,ZAMORA CHINCHIPE,0.911899846682022,completo
513,MANABÍ,0.51067689332221,completo
514,MANABÍ,0.732377722718272,completo
515,MANABÍ,0.535292683591406,completo
516,BOLÍVAR,1.05096477825035,completo
517,BOLÍVAR,0.868350943747358,completo
518,BOLÍVAR,0.962448658209746,completo
519,BOLÍVAR,0.853171841596601,completo
520,BOLÍVAR,1.14037953761785,completo
521,EL ORO,0.869017604986367,completo
522,MANABÍ,0.442751047185289,completo
523,MANABÍ,0.790443834247924,completo
524,MANABÍ,0.587750400037615,completo
525,BOLÍVAR,0.96756034058124,completo
526,BOLÍVAR,1.0187385847185,completo
527,BOLÍVAR,0.86199704625099,completo
528,BOLÍVAR,0.939945524363383,completo
529,MANABÍ,0.390986924142433,completo
530,GUAYAS,0.757181270324325,completo
531,MANABÍ,0.623963510021853,completo
532,MANABÍ,0.955174241406872,completo
533,MANABÍ,0.867572864598174,completo
534,MANABÍ,0.902093064083998,completo
535,MANABÍ,0.916803676291062,completo
536,MANABÍ,0.88836161806661,completo
537,MANABÍ,0.999856984742006,completo
538,MANABÍ,0.39375373327008,completo
539,MANABÍ,0.65239532178842,completo
540,GUAYAS,0.469629287587796,completo
541,MANABÍ,0.953259890313716,completo
542,GUAYAS,0.815351822853185,completo
543,GUAYAS,0.917889709120885,completo
544,MANABÍ,0.963108545892437,completo
545,MANABÍ,0.424157808410954,completo
546,BOLÍVAR,0.949968334388853,completo
547,BOLÍVAR,0.862008303426923,completo
548,BOLÍVAR,0.967560340581239,completo
549,GUAYAS,0.445619532053444,completo
550,GUAYAS,0.414632081849321,completo
551,MANABÍ,0.445040675326973,completo
552,MANABÍ,0.811592698789609,completo
553,MORONA SANTIAGO,0.849620880836177,completo
554,MANABÍ,1.23362420559363,completo
555,CARCHI,0.547575511110726,completo
556,CARCHI,0.641203764462865,completo
557,CARCHI,0.567519838452891,completo
558,MORONA SANTIAGO,0.740566831261334,completo
559,MORONA SANTIAGO,0.772871320383594,completo
560,ZAMORA CHINCHIPE,0.956562451862136,completo
561,BOLÍVAR,0.879600309619309,completo
562,MANABÍ,0.836388388455789,completo
563,GUAYAS,0.600009896920001,completo
564,GUAYAS,0.73995749220672,completo
565,GUAYAS,0.856712503605369,completo
566,GUAYAS,0.91655001400281,completo
567,GUAYAS,1.02863377155304,completo
568,GUAYAS,1.01311350672404,completo
569,GUAYAS,0.988288777980926,completo
570,GUAYAS,0.724111004486837,completo
571,GUAYAS,1.06362050758567,completo
572,GUAYAS,0.882150868280916,completo
573,GUAYAS,0.248517894316904,completo
574,GUAYAS,1.0756972716935,completo
575,GUAYAS,0.94852386360848,completo
576,GUAYAS,0.435481366949882,completo
577,GUAYAS,1.1202397241505,completo
578,GUAYAS,0.599903949099684,completo
579,GUAYAS,1.05543876816525,completo
580,GUAYAS,1.04667997807152,completo
581,MORONA SANTIAGO,0.952454555552676,completo
582,MORONA SANTIAGO,1.11045364339998,completo
583,GUAYAS,0.829837829037118,completo
584,GUAYAS,0.826261403734418,completo
585,MANABÍ,0.499217786832155,completo
586,MANABÍ,0.457829387316059,completo
587,MANABÍ,0.51144215673814,completo
588,GUAYAS,1.18690484677906,completo
589,GUAYAS,1.20093192317238,completo
590,GUAYAS,0.718097209027272,completo
591,GUAYAS,1.07789548029282,completo
592,GUAYAS,0.900909727381338,completo
593,GUAYAS,0.759484057163833,completo
594,GUAYAS,0.972500199194591,completo
595,GUAYAS,0.923726339807813,completo
596,GUAYAS,1.00629959527837,completo
597,MANABÍ,0.837564916806655,completo
598,GUAYAS,0.700728726945418,completo
599,GUAYAS,1.06042848792824,completo
600,GUAYAS,0.916215430567112,completo
601,MANABÍ,0.792121490824628,completo
602,GUAYAS,0.986644028824171,completo
603,ZAMORA CHINCHIPE,0.904214263952161,completo
604,GUAYAS,1.16036365118643,completo
605,GUAYAS,0.752668314283087,completo
606,ZAMORA CHINCHIPE,0.851953622130786,completo
607,GUAYAS,0.830624807619548,completo
608,GUAYAS,1.0908755891234,completo
609,GUAYAS,0.919675197644894,completo
610,GUAYAS,0.576205180079425,completo
611,MANABÍ,0.34540290180285,completo
612,MANABÍ,0.697204039391276,completo
613,ZAMORA CHINCHIPE,0.967285568934258,completo
614,MANABÍ,0.566899282370466,completo
615,MANABÍ,0.616484011872454,completo
616,GUAYAS,1.03378551861301,completo
617,GUAYAS,0.892408857922259,completo
618,ZAMORA CHINCHIPE,0.963652991531307,completo
619,ZAMORA CHINCHIPE,0.5558858395665,completo
620,CHIMBORAZO,1.00865863990225,completo
621,CHIMBORAZO,1.02076814664394,completo
622,CHIMBORAZO,0.953734956273589,completo
623,CHIMBORAZO,0.961131590592745,completo
624,CHIMBORAZO,0.927483654457283,completo
625,CHIMBORAZO,0.943288569592334,completo
626,ZAMORA CHINCHIPE,0.732237598818121,completo
627,ZAMORA CHINCHIPE,0.958216679567863,completo
628,ZAMORA CHINCHIPE,0.984903813238779,completo
629,SANTA ELENA,0.956444272862206,completo
630,SANTA ELENA,0.809372593049499,completo
631,SANTA ELENA,0.958987681010191,completo
632,SANTA ELENA,0.835168192393404,completo
633,SANTA ELENA,1.01770840726238,completo
634,SANTA ELENA,0.800218343353796,completo
635,SANTA ELENA,0.983688935094845,completo
636,SANTA ELENA,1.0067728354384,completo
637,SANTA ELENA,1.0497900419916,completo
638,SANTA ELENA,0.931298926092243,completo
639,SANTA ELENA,0.853554703694129,completo
640,SANTA ELENA,1.08714295088761,completo
641,CHIMBORAZO,0.818975425621543,completo
642,CHIMBORAZO,0.889548648451905,completo
643,CHIMBORAZO,0.964436407474383,completo
644,CHIMBORAZO,0.905902635094618,completo
645,ZAMORA CHINCHIPE,0.934691325134338,completo
646,CHIMBORAZO,1.11835576509546,completo
647,CHIMBORAZO,1.20571638751581,completo
648,LOS RÍOS,1.19987378545511,completo
649,CHIMBORAZO,1.17167842348325,completo
650,CHIMBORAZO,0.958219182750975,completo
651,CHIMBORAZO,0.464109129079725,completo
652,CHIMBORAZO,1.03612020399275,completo
653,CHIMBORAZO,0.937960224121767,completo
654,LOS RÍOS,0.967754834168756,completo
655,LOS RÍOS,0.891002968399941,completo
656,CHIMBORAZO,0.759189776894637,completo
657,SANTA ELENA,0.899811577149975,completo
658,LOS RÍOS,1.09191540245091,completo
659,LOS RÍOS,0.568705938776515,completo
660,LOS RÍOS,0.698118430891945,completo
661,LOS RÍOS,0.882288055987942,completo
662,LOS RÍOS,0.714395160089091,completo
663,LOS RÍOS,0.592831995517921,completo
664,LOS RÍOS,1.14654069035338,completo
665,LOS RÍOS,0.94227556614709,completo
666,LOS RÍOS,1.02233494204185,completo
667,LOS RÍOS,0.747649017663957,completo
668,LOS RÍOS,0.916586718822285,completo
669,LOS RÍOS,0.730345075271273,completo
670,LOS RÍOS,0.654421197887895,completo
671,LOS RÍOS,0.966284984097948,completo
672,LOS RÍOS,1.03569826968352,completo
673,LOS RÍOS,0.629087063140442,completo
674,LOS RÍOS,0.669030162938113,completo
675,LOS RÍOS,0.648233612353489,completo
676,LOS RÍOS,0.951615707850312,completo
677,LOS RÍOS,1.00735876585818,completo
678,LOS RÍOS,0.84619865478491,completo
679,LOS RÍOS,0.999000134577613,completo
680,LOS RÍOS,0.955903291409101,completo
681,LOS RÍOS,0.89097263741654,completo
682,LOS RÍOS,1.22470883146233,completo
683,LOS RÍOS,0.985168319103563,completo
684,LOS RÍOS,0.882773037286567,completo
685,LOS RÍOS,0.953587089482766,completo
686,LOS RÍOS,1.08193185966099,completo
687,LOS RÍOS,1.11845501292715,completo
688,LOS RÍOS,1.04132021449401,completo
689,LOS RÍOS,0.95246038077342,completo
690,LOS RÍOS,0.83590420547836,completo
691,LOS RÍOS,0.813634061674879,completo
692,LOS RÍOS,0.897913593943215,completo
693,LOS RÍOS,1.04396085483556,completo
694,LOS RÍOS,0.890972637416541,completo
695,LOS RÍOS,0.678595637776869,completo
696,LOS RÍOS,0.431032104650456,completo
697,SANTA ELENA,0.854231496735614,completo
698,SANTA ELENA,0.884739764476172,completo
699,LOS RÍOS,1.17935546170942,completo
700,LOS RÍOS,1.1083144697797,completo
701,LOS RÍOS,0.79179385837315,completo
702,LOS RÍOS,0.875914333876691,completo
703,LOS RÍOS,1.06451369929044,completo
704,LOS RÍOS,0.886026699583354,completo
705,LOS RÍOS,1.1333871345296,completo
706,LOS RÍOS,1.09234859146439,completo
707,LOS RÍOS,1.01653885458374,completo
708,LOS RÍOS,1.21323933605657,completo
709,LOS RÍOS,0.974907398767465,completo
710,GUAYAS,0.901551666207408,completo
711,GUAYAS,0.788119380126966,completo
712,LOS RÍOS,1.21604073359841,completo
713,LOS RÍOS,1.17756775578053,completo
714,LOS RÍOS,0.914783411348491,completo
715,LOS RÍOS,0.904078325269531,completo
716,LOS RÍOS,1.13612895893552,completo
717,MANABÍ,0.850636202955736,completo
718,SANTA ELENA,1.08311670999133,completo
719,LOS RÍOS,0.997774446280171,completo
720,SANTA ELENA,0.769646429442002,completo
721,SANTA ELENA,0.849830033993201,completo
722,SANTA ELENA,0.651716393761028,completo
723,SANTA ELENA,1.05253523704924,completo
724,SANTA ELENA,0.961010433827566,completo
725,SANTA ELENA,1.09829763866008,completo
726,SANTA ELENA,0.999800039992001,completo
727,GUAYAS,1.07391324648644,completo
728,GUAYAS,0.860499573783805,completo
729,GUAYAS,0.983459759673491,completo
730,LOS RÍOS,0.918457776163417,completo
731,LOS RÍOS,1.02349293793821,completo
732,LOS RÍOS,0.529119489215559,completo
733,LOS RÍOS,0.884549402741363,completo
734,LOS RÍOS,0.931152502491324,completo
735,LOS RÍOS,0.96826990949766,completo
736,LOS RÍOS,0.917658161356759,completo
737,LOS RÍOS,1.01899707819805,completo
738,LOS RÍOS,1.06874007636847,completo
739,LOS RÍOS,0.554329941612064,completo
740,LOS RÍOS,0.988510803106482,completo
741,LOS RÍOS,0.941267520931234,completo
742,LOS RÍOS,1.0246039954834,completo
743,LOS RÍOS,1.01331860638966,completo
744,LOS RÍOS,1.16737428144087,completo
745,SANTA ELENA,1.16299441800195,completo
746,SANTA ELENA,0.836482756635711,completo
747,LOS RÍOS,0.905312408757761,completo
748,GUAYAS,0.694390673658501,completo
749,GUAYAS,0.917271024621467,completo
750,LOS RÍOS,0.834728716749662,completo
751,GUAYAS,0.996681255415113,completo
752,GUAYAS,0.742980572218539,completo
753,GUAYAS,0.767484428780449,completo
754,GUAYAS,0.952484394530916,completo
755,GUAYAS,0.903984403346597,completo
756,SANTA ELENA,0.926787823942352,completo
757,SANTA ELENA,0.93488146177622,completo
758,GUAYAS,0.996681255415113,completo
759,GUAYAS,1.00439422473321,completo
760,GUAYAS,0.800244440711479,completo
761,LOS RÍOS,0.922818362554855,completo
762,LOS RÍOS,0.750951483690517,completo
763,LOS RÍOS,1.04300224038223,completo
764,LOS RÍOS,0.921911832178303,completo
765,LOS RÍOS,0.965321578053607,completo
766,LOS RÍOS,1.09778756795075,completo
767,LOS RÍOS,1.12365876249128,completo
768,GUAYAS,1.10541011964222,completo
769,LOS RÍOS,1.18508130605824,completo
770,GUAYAS,0.702888520374478,completo
771,LOS RÍOS,0.99925921791491,completo
772,GUAYAS,0.365808000973381,completo
773,LOS RÍOS,1.17323040622088,completo
774,LOS RÍOS,0.665629449576863,completo
775,LOS RÍOS,1.0027641399732,completo
776,LOS RÍOS,0.912127913788661,completo
777,LOS RÍOS,0.92984697438604,completo
778,LOS RÍOS,0.999624368424827,completo
779,LOS RÍOS,0.710838348672238,completo
780,LOS RÍOS,1.11182014761941,completo
781,LOS RÍOS,0.738770685579196,completo
782,LOS RÍOS,0.882958939802599,completo
783,LOS RÍOS,0.673102180194378,completo
784,LOS RÍOS,0.673102180194378,completo
785,LOS RÍOS,1.19845022327292,completo
786,LOS RÍOS,1.24770160231153,completo
787,LOS RÍOS,0.952193328079853,completo
788,LOS RÍOS,1.1327817178881,completo
789,LOS RÍOS,1.19845022327292,completo
790,LOS RÍOS,1.01786183346467,completo
791,LOS RÍOS,1.03427895981087,completo
792,LOS RÍOS,1.18203309692671,completo
793,LOS RÍOS,1.00008104680243,completo
794,LOS RÍOS,0.865958312766826,completo
795,LOS RÍOS,0.988604769081439,completo
796,LOS RÍOS,0.452645372719516,completo
797,LOS RÍOS,0.945798440894261,completo
798,LOS RÍOS,1.01654846335697,completo
799,LOS RÍOS,1.0999474651957,completo
800,LOS RÍOS,1.03427895981087,completo
801,LOS RÍOS,1.13077145751917,completo
802,LOS RÍOS,0.919359075387444,completo
803,LOS RÍOS,0.90294194904124,completo
804,LOS RÍOS,0.508930916732334,completo
805,LOS RÍOS,0.853690570002626,completo
806,LOS RÍOS,0.788022064617809,completo
807,PASTAZA,0.473945773307503,completo
808,PASTAZA,0.38873896369042,completo
809,PASTAZA,0.255135561997077,completo
810,ESMERALDAS,1.04923739343201,completo
811,ESMERALDAS,1.03537018690373,completo
812,PASTAZA,0.44905480530909,completo
813,PASTAZA,0.272825173776948,completo
814,PASTAZA,0.323607070411156,completo
815,PASTAZA,0.625736772607427,completo
816,PASTAZA,0.237416764562562,completo
817,PASTAZA,0.289908858495354,completo
818,PASTAZA,0.336314808412269,completo
819,PASTAZA,0.330904109547678,completo
820,PASTAZA,0.316589827720902,completo
821,ESMERALDAS,0.898045847444558,completo
822,ESMERALDAS,1.10800288342145,completo
823,PASTAZA,0.321562081642311,completo
824,PASTAZA,0.297156300349642,completo
825,PASTAZA,0.355561722122387,completo
826,PASTAZA,0.341300999271016,completo
827,PASTAZA,0.399089732933078,completo
828,PASTAZA,0.290692651189573,completo
829,PASTAZA,0.288664321677994,completo
830,PASTAZA,0.211766957045186,completo
831,PASTAZA,0.402581918924579,completo
832,PASTAZA,0.208346151285973,completo
833,PASTAZA,0.267253194596344,completo
834,PASTAZA,0.28363812092713,completo
835,PASTAZA,0.245602890194241,completo
836,PASTAZA,0.257544819105831,completo
837,PASTAZA,0.290828923495709,completo
838,ESMERALDAS,0.819976220623873,completo
839,ESMERALDAS,0.944828429986304,completo
840,PASTAZA,0.280865927207702,completo
841,LOS RÍOS,0.902083596260343,completo
842,LOS RÍOS,0.527231457143229,completo
843,LOS RÍOS,0.980799994588692,completo
844,LOS RÍOS,0.90008231252748,completo
845,LOS RÍOS,0.983470419275075,completo
846,LOS RÍOS,0.443227304058283,completo
847,LOS RÍOS,0.874401423982139,completo
848,LOS RÍOS,0.97707464759417,completo
849,PASTAZA,0.3553107254685,completo
850,ESMERALDAS,1.02937349709962,completo
851,ESMERALDAS,1.12083482930261,completo
852,ESMERALDAS,1.07909431025943,completo
853,ESMERALDAS,1.02088057575174,completo
854,ESMERALDAS,0.802321107623567,completo
855,ESMERALDAS,0.904153349923242,completo
856,ESMERALDAS,0.867080254156952,completo
857,ESMERALDAS,0.913463500415675,completo
858,ESMERALDAS,0.929297932932263,completo
859,ESMERALDAS,0.694776454535604,completo
860,ESMERALDAS,0.593848342548796,completo
861,ESMERALDAS,0.758281937613981,completo
862,ESMERALDAS,1.04428713645678,completo
863,ESMERALDAS,0.668570807217511,completo
864,ESMERALDAS,0.798591097227499,completo
865,ESMERALDAS,0.928430810196534,completo
866,ESMERALDAS,0.888827743336748,completo
867,ESMERALDAS,1.14305278073692,completo
868,ESMERALDAS,1.14458551364581,completo
869,ESMERALDAS,0.510672137858756,completo
870,SANTA ELENA,0.961670373174372,completo
871,SANTA ELENA,0.968153852791128,completo
872,SANTA ELENA,0.997258359490737,completo
873,ESMERALDAS,0.939005026843468,completo
874,ESMERALDAS,1.03980744221901,completo
875,ESMERALDAS,0.816473208657811,completo
876,ESMERALDAS,0.470971606181549,completo
877,ESMERALDAS,1.10511146862235,completo
878,ESMERALDAS,0.896754267484225,completo
879,ESMERALDAS,0.807991558451513,completo
880,ESMERALDAS,0.573506554405006,completo
881,ESMERALDAS,0.710561802892373,completo
882,SANTA ELENA,0.998452920971644,completo
883,SANTA ELENA,1.00528522724383,completo
884,ESMERALDAS,0.795436064548597,completo
885,ESMERALDAS,1.09687648218091,completo
886,ESMERALDAS,0.975765190695129,completo
887,ESMERALDAS,0.359922827039063,completo
888,ESMERALDAS,0.328529012414633,completo
889,ESMERALDAS,0.57397745772412,completo
890,ESMERALDAS,1.14361808873927,completo
891,ESMERALDAS,0.425809430911886,completo
892,ESMERALDAS,0.866601122811346,completo
893,ESMERALDAS,0.367190718180559,completo
894,ESMERALDAS,0.689021648322316,completo
895,ESMERALDAS,0.611610723923457,completo
896,ESMERALDAS,0.326450220828758,completo
897,ESMERALDAS,0.896779324723227,completo
898,ESMERALDAS,0.823539356937605,completo
899,ESMERALDAS,0.530283892529872,completo
900,ESMERALDAS,0.648912135578806,completo
901,ESMERALDAS,0.534398229300193,completo
902,ESMERALDAS,0.565004691183728,completo
903,ESMERALDAS,0.86270998996059,completo
904,ESMERALDAS,1.20248210457057,completo
905,ESMERALDAS,1.00550770415647,completo
906,ESMERALDAS,0.896189493029008,completo
907,ESMERALDAS,1.11019743138598,completo
908,ESMERALDAS,0.930222005422514,completo
909,ESMERALDAS,0.563012082292183,completo
910,ESMERALDAS,0.67913219378058,completo
911,ESMERALDAS,0.483051518226804,completo
912,ESMERALDAS,0.542771863226325,completo
913,ESMERALDAS,0.683955560686138,completo
914,ESMERALDAS,0.608682400218033,completo
915,ESMERALDAS,0.843591275970887,completo
916,ESMERALDAS,0.506154765582532,completo
917,ESMERALDAS,0.462133087626565,completo
918,ESMERALDAS,0.476802095346447,completo
919,ESMERALDAS,0.700829675421967,completo
920,ESMERALDAS,1.03507559370545,completo
921,ESMERALDAS,0.820150465570757,completo
922,ESMERALDAS,0.921767751209718,completo
923,ESMERALDAS,0.841722028078545,completo
924,COTOPAXI,0.57421066252588,completo
925,COTOPAXI,0.762019783758914,completo
926,ESMERALDAS,0.815468850582066,completo
927,ESMERALDAS,0.766662391729185,completo
928,ESMERALDAS,0.588603540578192,completo
929,ESMERALDAS,0.783301958231986,completo
930,ESMERALDAS,0.613761627913593,completo
931,ESMERALDAS,0.927126613253899,completo
932,ESMERALDAS,0.98061468709547,completo
933,ESMERALDAS,0.838343687965849,completo
934,ESMERALDAS,1.17673762451456,completo
935,ESMERALDAS,0.98061468709547,completo
936,ESMERALDAS,0.624027528151663,completo
937,ESMERALDAS,0.283847805660845,completo
938,ESMERALDAS,0.603323713452937,completo
939,ESMERALDAS,0.511579642175776,completo
940,COTOPAXI,0.777311355664604,completo
941,COTOPAXI,0.352625940721627,completo
942,ESMERALDAS,1.04454746108602,completo
943,ESMERALDAS,1.04006774294643,completo
944,ESMERALDAS,0.969035455440959,completo
945,ESMERALDAS,0.9245889148868,completo
946,ESMERALDAS,0.918846812334342,completo
947,ESMERALDAS,1.01314838698578,completo
948,ESMERALDAS,0.952407903256977,completo
949,ESMERALDAS,0.741105531199805,completo
950,ESMERALDAS,0.900219452076562,completo
951,ESMERALDAS,0.984713385605869,completo
952,ESMERALDAS,0.513271645693378,completo
953,ESMERALDAS,0.79778755518691,completo
954,ESMERALDAS,0.360110533677621,completo
955,ESMERALDAS,0.190112114358933,completo
956,ESMERALDAS,0.661839343191362,completo
957,ESMERALDAS,1.08567259588661,completo
958,ESMERALDAS,0.929335742078933,completo
959,ESMERALDAS,0.852325365944043,completo
960,ESMERALDAS,0.600310875274696,completo
961,ESMERALDAS,1.04996603051078,completo
962,ESMERALDAS,0.655752532561505,completo
